updated	title	description	tags	除外	link	image
2020-10-16T02:38:00.000000000Z	ピンチはチャンス！ 獺祭が挑戦を続ける理由「昨日と同じ今日を繰り返さない」- BOXIL EXPO基調講演 - ニュース・特集 - Beyond（ビヨンド）	世界に名を馳せる日本酒「獺祭」。今年で誕生から30年目を迎える。低迷が続く日本酒業界で革命児となれたその背景には、業界の固定観念を取り去り、ピンチをチャンスに変える発想の転換があった。オンライン展示会「BOXIL EXPO 2020 IT･SaaS･テレワーク展」より、獺祭製造元・旭酒造の桜井博志会長を迎えた基調講演をレポートする。ボクシルでは法人向けSaaSを無料で比較・検討し、『資料請求』できます。ホワイトペーパーや特集記事等でサービス選びに役立つ情報提供も行っています。			https://boxil.jp/mag/a7158/	https://store.boxil.jp/media/images/uploads/media_image/media_image/46733/large.jpg
2020-07-14T07:00:00.000000000Z	巣ごもり(ステイホーム)で楽器の売上が伸長 気軽に始められるオススメの楽器5選をご紹介 - アットプレス（プレスリリース）	株式会社キョーリツコーポレーションのプレスリリース：巣ごもり(ステイホーム)で楽器の売上が伸長 気軽に始められるオススメの楽器5選をご紹介			https://www.atpress.ne.jp/news/216029	https://www.atpress.ne.jp/releases/216029/img_216029_1.jpg
2020-07-20T07:00:00.000000000Z	近藤利樹、Billboard Liveで無観客生配信ライブ＋「なんでもないや(movie ver.)」ウクレレカバー - BARKS	現役中学生ウクレレプレイヤーの近藤利樹が、Billboard Liveの生配信ライブに13歳で最年少出演することが決定した。近藤は去年より＜いつだってウクレレが好き＞というワンマンライブを企画しおり、ウクレレの季節...			https://www.barks.jp/news/?id=1000185988	https://img.barks.jp/img/article/1000185988/H/1200.jpg
2020-10-05T09:04:54.000000000Z	ロシア美女アンジェリーナ・ダニロワ、韓国風ショートカットヘアも可愛すぎます。（FORZA STYLE） - Yahoo!ニュース	優しいまなざしでこちらを見つめてくる美女に、思わずときめいてしまった方もいらっしゃるのではないでしょうか?			https://news.yahoo.co.jp/articles/d465629d9236509db6169a618a9d99bc4271eab1	https://amd.c.yimg.jp/amd/20201005-00060146-forza-000-1-view.jpg
2020-07-05T07:00:00.000000000Z	氷見にウクレレ工房 富山市出身の平川さん（北陸新幹線で行こう！ 北陸・信越観光ナビ） - Yahoo!ニュース	イタリアでバイオリン製作の修業をした富山市出身のウクレレ製作者、平川大（ひろし）さん（40）が氷見市島尾に工房を開いた。「きれいな仕上がりと澄んだ響きを追求したい」と話す。 平川さんは高岡短大			https://news.yahoo.co.jp/articles/330622ff27d31fac77aa51e3e32d613b8be36557	https://amd.c.yimg.jp/amd/20200705-00000003-hokuriku-000-1-view.jpg
2020-10-18T08:34:00.000000000Z	【連載】Vol.100「Mike's Boogie Station＝音楽にいつも感謝！＝」 | BARKS - BARKS	祝100号記念！ キース・リチャーズ＆ザ・エクスペンシヴ・ワイノーズ“Live at the Hollywood Palladium”！！The Loosest Tight Band You			https://www.barks.jp/news/?id=1000190880	https://img.barks.jp/img/article/1000190880/H/1200.jpg
2020-10-19T04:10:32.000000000Z	デクラン・マッケンナ、スポーツ・チーム、ビーバドゥービー、そして真打ちヤングブラッド！ Z世代にひしめく突出した才能たちは、UKロックの新たな黄金時代を創るのか？ - rockinon.com	-			https://rockinon.com/blog/yogaku/196156	https://rockinon.com/images/entry/width:600/196156/1
2020-10-18T04:00:00.000000000Z	ミニカー愛ぎっしり、５８０台展示 新潟東区の八木さん、流作場地区の風景画も - 新潟日報	新潟市東区牡丹山の八木憲行さん（７３）が長年収集した国内外のミニカーや、生まれ育った中央区の...			https://www.niigata-nippo.co.jp/news/local/20201018575544.html	https://www.niigata-nippo.co.jp/images/ogp_logo_20160628.jpg
2020-09-23T07:00:00.000000000Z	ビリー・アイリッシュ、「bad guy」と「all the good girls go to hell」のアクション・フィギュアを発売（Billboard JAPAN） - Yahoo!ニュース	ビリー・アイリッシュのアクション・フィギュアが発売される。ビリーの公式サイトでプレオーダーが始まっている“In Video”シリーズの人形は、「bad guy」と「all the good gir			https://news.yahoo.co.jp/articles/fc4ed3e9bd7d239c892ef4242340cf4cc92c4e81	https://amd.c.yimg.jp/amd/20200923-00092491-exp-000-1-view.jpg
2020-10-17T07:23:00.000000000Z	１２０万円を超える防音室まで売れる コロナ下の旺盛な楽器需要：イザ！ - iza（イザ！）	ウクレレや電子ピアノといった比較的コンパクトな楽器の販売が好調だ。新型コロナウイルスの感染拡大で自宅で過ごすことが多くなり楽器を始める人が増えたためで、なかでも…			https://www.iza.ne.jp/kiji/life/news/201017/lif20101716230011-n1.html	https://prt.iza.ne.jp/kiji/life/images/201017/lif20101716230011-m1.jpg
2020-10-19T04:00:00.000000000Z	ハロウィン限定グルメがぞくぞく！グランツリー武蔵小杉で家族で楽しめるハロウィンイベント開催中｜ウォーカープラス - ウォーカープラス	今年は多くのイベントが縮小傾向にある中、ファミリー層も多く訪れる「グランツリー武蔵小杉」では、10月31日(土)まで、シ…			https://www.walkerplus.com/article/1008258/	https://news.walkerplus.com/article/1008258/10067018_615.jpg
2020-10-18T14:56:00.000000000Z	「ウクレレ」のある風景 四季と調和させ撮影 名張の安達さん | 【伊賀タウン情報 YOU】 - ＹＯＵ	ハワイアン音楽に使われることの多い楽器「ウクレレ」のある風景を撮り続けている名張市赤目町新川のウェブデザイナー、安達崇さん（47）。四季折々の風景に調和する作品が、SNSでファンを増やしている。【「ウクレレマガジン」で賞に輝いた積田神社での作品（本人提供）】 安達崇さん＝名張市で			https://www.iga-younet.co.jp/2020/10/18/30199/	https://www.iga-younet.co.jp/cms/wp-content/uploads/2020/10/0e5a0f68d3e842d72dc2c8d93049a84a.jpg
2020-08-02T07:00:00.000000000Z	楽器を演奏すると「メンタルヘルスに効果的」という調査結果が明らかに（rockinon.com） - Yahoo!ニュース	最新の調査で、楽器を演奏することはメンタルヘルスに効果があるという結果が出たことが明らかとなった。 この調査は、音楽ストリーミングサービス「Spotify」に委託され、健康にフォーカスしたポッドキ			https://news.yahoo.co.jp/articles/a5b613293f0a7832cd66d7f7346b06c06c4e1559	https://amd.c.yimg.jp/amd/20200802-00000001-rorock-000-1-view.jpg
2020-10-16T09:00:00.000000000Z	【インタビュー】矢井田瞳の最高傑作『Sharing』「みんなの生活に寄り添えたらいいな」 - BARKS	矢井田瞳のニューアルバム『Sharing』がいよいよ発表となった。フルアルバムとして実に4年振りとなる本作は、今年デビュー20周年を迎えた彼女の確かなキャリアが結実した、矢井田瞳史上、最高傑作と言って間違いないだろ...			https://www.barks.jp/news/?id=1000190598	https://img.barks.jp/img/article/1000190598/H/1200.jpg
2020-10-16T22:18:45.000000000Z	週末はツヤマノミライを共に描こう。津山の中心で君は何を思う？ - みうらひらく（ミウラヒラク） - 自社	&lt;p&gt;&lt;strong&gt;未来拓く、みうらひらくです。&lt;/strong&gt;&lt;br&gt; &lt;strong&gt;津山市議会議員、三浦ひらくです。&lt;/stron			https://go2senkyo.com/seijika/159179/posts/174103	https://www.hirakuma.com/blog-cms/wp-content/uploads/2017/05/isuone-1024x685.jpg
2020-10-06T02:37:54.000000000Z	豊かな音色 島で奏でて - 読売新聞	新型コロナウイルスの影響で、活動がままならなくなった演奏家を救済する取り組みが淡路島で進んでいる。島内に移住し、働きながら公演する「音楽島（じま）―Ｍｕｓｉｃ Ｉｓｌａｎｄ」プロジェクトで、企画したバイオリニストの益子			https://www.yomiuri.co.jp/local/hyogo/news/20201006-OYTNT50026/	https://www.yomiuri.co.jp/media/2020/10/20201006-OYTNI50008-T.jpg?type=ogp
2020-10-11T22:01:48.000000000Z	荻野目洋子さん、実は虫好きだった…新曲「虫のつぶやき」への思い - withnews	「ダンシング・ヒーロー」がリバイバルヒットした歌手の荻野目洋子さんですが、最新曲の名前は自ら作詞作曲した「虫のつぶやき」です。虫の切ない気持ちを、「僕はチョウじゃないガ 嫌われるのさ」「見た目だけじゃ何にもわかってないのさ」と、歌い上げま…			https://withnews.jp/article/f0201012002qq000000000000000W0bs10501qq000021890A	https://s3-ap-northeast-1.amazonaws.com/storage.withnews.jp/2020/10/01/0/5e/05ef95ae-l.jpg
2020-10-16T20:00:00.000000000Z	生音と距離感 はざまで - 読売新聞	新型コロナウイルスの感染拡大で、ライブハウスの多くは休業を余儀なくされた。音楽を愛する人々は今、生の音をどのように届け、また楽しんでいるのか。感染対策に知恵を絞りながら、営業を再開しているライブハウスを訪ねてみた。			https://www.yomiuri.co.jp/local/kyoto/feature/CO043631/20201016-OYTAT50090/	https://www.yomiuri.co.jp/media/2020/10/20201016-OYTAI50033-T.jpg?type=ogp
2020-10-08T14:32:13.000000000Z	川崎・河原町団地近くの「カフェデニム」が18周年 ロックヒルズガーデンで記念イベント（みんなの経済新聞ネットワーク） - Yahoo!ニュース	川崎の河原町団地近くにある「カフェデニム」（川崎市幸区遠藤町）が18周年を迎えた。10月2日には、出張カフェを定期的に行っている区内の屋外グランピング施設「ロックヒルズガーデン」（中幸町）に常連客			https://news.yahoo.co.jp/articles/9178232514616c91dc85be2b52d5da313082312b	https://amd.c.yimg.jp/amd/20201008-00000072-minkei-000-3-view.jpg
2020-10-16T10:00:00.000000000Z	バックパックで持ち運べるギター｢Jammy｣を使ってわかったこと - Lifehacker JAPAN	誰でも一度は、ギターに憧れたことがあるのではないでしょうか？ 筆者もその一人ですが、いざギターを買っても三日坊主で、結局マスターすることはできませんでした（Cコードさえ）。そんな初心者とも言えない筆者のもとに届いたのが、バックパックで持ち運			https://www.lifehacker.jp/2020/10/221378-machi-ya-jammy-review.html	https://assets.media-platform.com/lifehacker/dist/images/2020/10/03/38A8932A-8A19-4E5F-9400-79994B221589-w960.jpg
2020-10-16T09:23:00.000000000Z	サーフィン脇田紗良「うれしい」松田詩野破りＶ - ニッカンスポーツ	昨年のサーフィンワールドゲームズ（WG）日本代表の脇田紗良（18）が、ショートボード女子決勝で、条件付きで東京五輪の出場権を持つ松田詩野（18）を破り優勝した… - 日刊スポーツ新聞社のニュースサイト、ニッカンスポーツ・コム（nikkansports.com）。			https://www.nikkansports.com/sports/news/202010160000787.html	https://www.nikkansports.com/sports/news/img/202010160000787-w500_0.jpg
2020-10-16T05:06:50.000000000Z	2438おうちアートプロジェクト（アーティストムービー）｜西宮市ホームページ - nishi.or.jp	-			https://www.nishi.or.jp/smph/bunka/bunka/korona_info/1140467202006290.html	
2020-10-17T00:00:00.000000000Z	１２０万円の防音室まで売れるコロナ下の旺盛な楽器需要 - 産経ニュース	ウクレレや電子ピアノといった比較的コンパクトな楽器の販売が好調だ。新型コロナウイルスの感染拡大で自宅で過ごすことが多くなり楽器を始める人が増えたためで、なかでも…			https://www.sankei.com/premium/news/201017/prm2010170001-n1.html	https://www.sankei.com/images/news/201017/prm2010170001-p1.jpg
2020-10-16T09:18:00.000000000Z	スザンヌ、ウクレレの師匠に対面で大感激…ネットから羨望の声も - デイリーニュースオンライン - デイリーニュースオンライン	-			http://dailynewsonline.jp/article/2526135/	https://image.dailynewsonline.jp/media/c/e/ce5799fd8c15da11b05cf11c1a1cff2961f54349_w=300_h=300_t=r_hs=4facb636dd114c1fbee81ee6096120ef.jpeg
2019-12-10T08:00:00.000000000Z	第12回目を迎えるウクレレ・ピクニック・イン・ハワイ、ビクトリア・ワード公園にて、更にパワーアップしたイベントとなります！｜allhawaii - allhawaii	第12回のウクレレピクニックインハワイは、２０２０年２月１6日（日）オアフ島で開催されます。昨年に続いてロケーションとして選ばれたワード・ビレッジ内、ビクトリア・ワード公園(980AuahiSt.,b…			https://www.allhawaii.jp/article/4006/	https://d2znjoo7p8l5rk.cloudfront.net/column_cover/news/4006/19121005393370203.jpg
2020-07-23T07:00:00.000000000Z	【大阪市鶴見区】鶴見３丁目、ハワイアンカフェ『ハプナカフェ』でウクレレユニット“Ukulele Kukuna”によるライブイベントが７月26日（日）に開催されます - 号外NET 鶴見・城東	鶴見３丁目、イオンモール鶴見緑地向かいのグリーンビューつるみにある『ハプナカフェ』のテラスでウクレレユニット“&hellip;			https://tsurumi-joto.goguynet.jp/2020/07/23/hapunacafe/	https://tsurumi-joto.goguynet.jp/wp-content/uploads/sites/15/2020/04/IMG_2122.jpg
2020-10-16T03:00:00.000000000Z	白井悠介と土岐隼一がサーフィンと『WAVE!!』を語る - マイナビニュース	『WAVE!!』プロジェクトとして、CDドラマやキャラクターソングをはじめ、ラジオ、イベント、アプリとあらゆるメディアへ展開してきたメディアミックスプロジェクト。いよいよ10月2日（金）より、アニメーション『WAVE!!〜サーフィンやっぺ!・・・			https://news.mynavi.jp/article/20201016-1418699/	https://news.mynavi.jp/article/20201016-1418699/index_images/index.jpg
2020-04-17T07:00:00.000000000Z	「あさイチ」近江アナのウクレレ弾き語りをファン絶賛「めちゃくちゃ可愛い」「涙出ちゃった」（ENCOUNT） - Yahoo!ニュース			404	https://news.yahoo.co.jp/articles/a90400284162edae0fd0fcf906fca6542cc9d20b	404
2020-10-16T09:05:00.000000000Z	最強のセールスチームを支えるDX リクルートキャリア流デジタル改革の真意 - BOXIL EXPO特別講演 - ニュース・特集 - Beyond（ビヨンド）	“最強”と名高いセールスチームを抱えるリクルート。彼らを支えるのは、現場目線を意識したDXだ。数ある事業の中でもデジタル化しづらいとされる人材領域でDXを取り入れた事例を、リクルートキャリア代表取締役社長の佐藤学氏に聞く。オンライン展示会「BOXIL EXPO 2020 IT･SaaS･テレワーク展」より、「最強のセールスチームを支えるDX」と題して配信した講演をレポートする。ボクシルでは法人向けSaaSを無料で比較・検討し、『資料請求』できます。ホワイトペーパーや特集記事等でサービス選びに役立つ情報提供も行っています。			https://boxil.jp/mag/a7168/	https://store.boxil.jp/media/images/uploads/media_image/media_image/46778/large.jpg
2020-10-15T19:51:57.000000000Z	松岡修造さんがKiroroの名曲『未来へ』を歌う 新TV-CM『想いの架け橋〜未来へ』篇10月16日(金)から放映開始 - 福島民友	2020年10月16日 プロクター・アンド・ギャンブル・ジャパン株式会社 【動画：https://www.youtube.com/watch?v=GROW7eQb8XE】 アスリート・医療従事者・子ど...			https://www.minyu-net.com/prwire/PR202010145700.php	
2020-10-16T07:43:00.000000000Z	静かなロックバンド・SPORTS MENが1stアルバム発売、空気公団・山崎らのコメント到着（動画あり） - ナタリー	SPORTS MENが10月19日に1stアルバム「耳をすまして」をリリースする。			https://natalie.mu/music/news/400927	https://ogre.natalie.mu/media/news/music/2020/1016/SPORTSMEN_art202010.jpg?imwidth=750
2020-10-16T05:06:50.000000000Z	2438おうちアートプロジェクト（アーティストムービー）｜西宮市ホームページ - nishi.or.jp	-			https://www.nishi.or.jp/bunka/bunka/korona_info/1140467202006290.html	
2020-10-15T03:00:00.000000000Z	音楽の新しい楽しさを体感できる場所、【山野楽器】イオンモール上尾店が12月4日(金)にグランドオープン：紀伊民報AGARA - 紀伊民報	埼玉県内9番目の店舗&nbsp;&nbsp;【画像：https://kyodonewsprwire.jp/img/202010145703-O1-o526242l】株式会社山野楽器（本社：東京都中央区...	楽器店		https://www.agara.co.jp/article/86079	https://kyodonewsprwire.jp/prwfile/release/M103514/202010145703/_prw_PI1im_o526242l.jpg
2020-10-15T02:00:09.000000000Z	がんサバイバー女性のウクレレバンド、がんと向き合う仲間へのメッセージソング『ひとりじゃないよ～PeerRingの応援歌～』を制作・公開 - PR TIMES	一般社団法人ピアリングのプレスリリース（2020年10月15日 11時00分）がんサバイバー女性のウクレレバンド、がんと向き合う仲間へのメッセージソング『ひとりじゃないよ～PeerRingの応援歌～』を制作・公開	ウクレレ奏者		https://prtimes.jp/main/html/rd/p/000000004.000047087.html	https://prtimes.jp/i/47087/4/ogp/d47087-4-433007-2.png
2020-10-15T02:00:00.000000000Z	【通崎好みつれづれ】そうだ、ギターを弾こう！ - 産経ニュース	昨今の自粛生活の影響で、楽器販売が好調だと聞いた。なかでもウクレレとギターが突出。昨年同期比で売り上げが２倍を超える楽器屋さんもあるらしい。このところ共演を重ね…		除外	https://www.sankei.com/west/news/201015/wst2010150005-n1.html	https://www.sankei.com/images/news/201015/wst2010150005-p1.jpg
2020-10-15T01:00:00.000000000Z	Piascore楽譜ストア 10月14日、 人気の新譜を追加！『カムパネルラ』、『カナリヤ 』、『アカシア』、『聖者の行進』ほか - valuepress	Piascore 株式会社のプレスリリース（2020年10月15日 10時）。Piascore楽譜ストア 10月14日、 人気の新譜を追加！楽譜仕事人PAG より『カムパネルラ』、『カナリヤ 』、『アカシア』、『聖者の行進』ほかを販売いたしました。	ウクレレ楽譜		https://www.value-press.com/pressrelease/255706	https://files.value-press.com/czMjZXllY2F0Y2gjMjQzMTUjMjQzMTVfbGRZckJxZmRXbC5wbmc.png
2020-10-14T21:00:46.000000000Z	おうち時間で三線を始めた人が急増中！ 「三線」と「三味線」の違い、知っていますか？ | サライ.jp｜小学館の雑誌『サライ』公式サイト - serai.jp	2020年は新型コロナウイルスの感染拡大によってさまざまな影響が出ています。これまで当然のように会社や学校に通勤・通学していたものが、リモートワークやオンライン授業に変わったという方も多いと思います。また、3密を回避して感染リスクを減らすために、これまでよりも自宅で過ごす時間が増えた方も多いでしょう。そんなおうち時間を有効活用するために、楽器を始めたい、もしくは既に始めたという方もいらっしゃると思		除外	https://serai.jp/living/1007756	https://serai.jp/wp-content/uploads/2020/10/2834236_s.jpg
2020-10-14T15:00:00.000000000Z	鈴木明子監修・選曲 フィギュアスケート・ミュージック ベスト～KISS & CRY（3枚組） - TOWER RECORDS ONLINE - TOWER RECORDS ONLINE	鈴木明子監修・選曲 フィギュアスケート・ミュージック ベスト～KISS & CRY（3枚組） - タワーレコード	名渡山遼		https://tower.jp/article/feature_item/2020/10/15/1109	https://cdfront.tower.jp/~/media/Images/Tol/pc/article/feature_item/Classical/2020/10/15_1109_01.jpg
2020-10-14T06:22:30.000000000Z	タヒチアンダンスで活躍 | ミナミシンシュウ.jp - ミナミシンシュウ.jp	　飯田市に拠点を置くタヒチアンダンス専門スクールの「テ・アナヴァイ・オラ」は、１１月２２日のおさらい会に向けて練習を重ねている。生徒たちは２月に東京で開かれた全国大会「ヘイヴァサクラ２０２０」でも活躍		除外	http://minamishinshu.jp/news/local/%E3%82%BF%E3%83%92%E3%83%81%E3%82%A2%E3%83%B3%E3%83%80%E3%83%B3%E3%82%B9%E3%81%A7%E6%B4%BB%E8%BA%8D.html	http://minamishinshu.jp/wp-content/2020/10/001tahichian.jpg
2020-10-13T20:04:00.000000000Z	独当局「ベルリンの少女像」撤去、見直しの意向示す - The Hankyoreh japan	「訴訟で撤去に時間かかる…連邦・州政府がともに討論すべき問題」　13日昼、現地住民や在独韓国人ら約300人が少女像を守るためのデモ　社民党や緑の党、左派党など区議員の過半数が「撤去命令の見直しを」　		除外	http://japan.hani.co.kr/arti/international/38004.html	http://img.hani.co.kr/imgdb/japan/news/resize/2020/1014/160261945957_20201014.jpg
2020-10-13T02:49:25.000000000Z	矢井田瞳『Sharing』コロナの先で喜びも悲しみも分かち合う覚悟を描いた、20周年のアルバムを語る - Mikiki	節目の年に相応しい感謝の念を込めたアルバムが描き出す、喜びも苦しみも分かち合う覚悟と未来への願いとは?　こんな時代だからこそ、ヤイコの前向きで力強い歌声が聴きたい――デビュー20周年を飾る11作目のオリ...		除外	https://mikiki.tokyo.jp/articles/-/26442	https://mikiki.ismcdn.jp/mwimgs/a/3/-/img_a32f821efb62a78e6cd7551ef723598c256289.jpg
2020-10-12T21:06:38.000000000Z	2020年10月11日 商業施設の寿命｜次元上昇日記｜辛酸なめ子 - gentosha.jp	先日ある駅に所要があり、デパートの中も通ったのですが、十年前は欲しい衣料品もたくさん見つかった某デパートが、かなり閑散としていて活気がなくなっていて寂しかったです。デパ地下は賑わっていたのですが&amp;hellip;&amp;hellip;。建て替える前の渋谷の東急も、謎のブランドがひしめいていて、時代が止まっている感じでした。その年代の人には安心感があるのだと思いますが&amp;hellip;&amp;hellip;。&amp;nbsp;まだこれからも存在すると思っていた浅草の商業施設「まるごとにっぽん」が2020年11月に閉館するそうです。コロナ前から決まっていたみたいですが、2015年から5年弱で閉館とは&amp;hel		除外	https://www.gentosha.jp/article/16703/	http://www.gentosha.jp/files/uploads/article/1602642365_rectangle_icon.jpg
2020-10-11T22:00:00.000000000Z	荻野目洋子さん、実は虫好きだった…新曲「虫のつぶやき」への思い 「チョウじゃない、ガ」の切ない気持ち - auone.jp	最新曲「虫のつぶやき」を発表した荻野目洋子さん＝山本倫子撮影 「ダンシング・ヒーロー」がリバイバルヒットした歌手の荻野目洋子さんですが、最新曲の名前は自ら作詞作曲した「虫のつぶやき」です。虫の切ない気	荻野目洋子,ウクレレ奏者,ウクレレ歌手	404	https://article.auone.jp/detail/1/5/9/102_4_r_20201012_1602454512619318	https://portal.st-img.jp/thumb/9a0223e29a19ed912ab24851d50ac965_1602454512_l.jpg
2020-10-11T21:30:00.000000000Z	「おうち時間」増え売れる楽器 ウクレレ、ギターは昨年同期比の２倍超 - ZAKZAK	楽器の売れ行きが伸びている。新型コロナウイルスの感染拡大による自粛生活で、自宅で過ごす時間が増えたためとみられる。「生の響きに癒やされ、夢中になれる」。大手楽器…	楽器店		https://www.zakzak.co.jp/eco/news/201012/ecn2010120002-n1.html	https://www.zakzak.co.jp/images/news/201012/ecn2010120002-p1.jpg
2020-10-11T01:24:43.000000000Z	布川敏和の次女・花音さんはアイドル級のルックス ウクレレ弾き語り公開が話題に - ENCOUNT	元「シブがき隊」でタレントの布川敏和が11日、ブログやインスタグラムを更新。次女・花音さんのウクレレ弾き語り姿を公開した。花音さんはアイドル顔負けのかわいらしいルックスで歌っており、布川は「愛娘の弾き語りに癒されるパパなのだ～」とインスタグラムでコメントしている。	ウクレレ奏者,布川花音		https://encount.press/archives/95861/	https://encount.press/wp-content/uploads/2020/10/606079a6ae5f6e056e3229f9229a53c0.jpg
2020-10-10T22:30:00.000000000Z	元トップ営業マン、キャリア捨て設立した「大地の学校」 - 朝日新聞デジタル	学校生活になじめない子どもや、自ら学ぶ内容を選びたい子どもの居場所が、愛知県岡崎市にできた。開設した男性は、かつてアメリカンフットボール選手として全国を舞台に活躍し、大手製薬会社の営業マンとしてトッ…			https://www.asahi.com/articles/ASN9X3HYLN9HOBJB00C.html	https://www.asahicom.jp/articles/images/c_AS20201007001062_comm.jpg
2020-10-10T03:30:00.000000000Z	斉藤由貴、歌手デビュー35周年記念プログラムでデビュー当時の思いを明かす - ザテレビジョン	【ザテレビジョン芸能ニュース！】斉藤由貴の歌手デビュー35周年記念プログラム「斉藤由貴 the live 2020～35th anniversary～」が10月17日(土)、CSテレ朝チャンネル1で放送される。ポニーテールにセーラー...			https://thetv.jp/news/detail/245748/	https://thetv.jp/i/nw/245748/1552370.jpg?w=615
2020-10-09T22:02:22.000000000Z	箸が持てない…難病ALSの人気声優が足の次に感じた「手の異変」（現代ビジネス） - Yahoo!ニュース	ALS(筋萎縮性側索硬化症)を検索すると「感覚があるままに体が動かなくなる病気」という説明が多くあります。もう少し詳しい記事を探すと「筋肉が動かなくなってしまう」という説明がなされています。ではこ			https://news.yahoo.co.jp/articles/78cf2466b70cbbc12db73a030184e3e6d46fc24d	https://amd.c.yimg.jp/amd/20201010-00076280-gendaibiz-000-3-view.jpg
2020-10-09T08:00:00.000000000Z	Piascore楽譜ストア 10月9日、 人気の新譜を追加！『テルーの唄』、『人生のメリーゴーランド』、『いつも何度でも』ほか - valuepress	Piascore 株式会社のプレスリリース（2020年10月9日 17時）。Piascore楽譜ストア 10月9日〜 人気のスタジオジブリ作品の新譜を追加！ 『テルーの唄』、『人生のメリーゴーランド』、『いつも何度でも』ほかを販売いたしました。			https://www.value-press.com/pressrelease/255343	https://files.value-press.com/czMjZXllY2F0Y2gjMjQzMTUjMjQzMTVfb2FyZXhRTVZZYi5wbmc.png
2020-10-09T06:02:40.000000000Z	高校生が選んだリラックスできる曲14選 学校生活や勉強で疲れたあなたへ｜高校生新聞オンライン｜高校生活と進路選択を応援するお役立ちメディア - 高校生新聞	リラックスしたいときに聴きたくなる曲を高校生記者に紹介してもらいました。優しいメロディー、深い歌詞UVERworld「一滴の影響」私のリラックスしたいときに聴く曲は、UVERworldの一滴の影響です			https://www.koukouseishinbun.jp/articles/-/6854	https://koo.ismcdn.jp/mwimgs/5/c/-/img_5c366910c12a235542061f421543bcc1586008.jpg?rd=201710041230
2020-10-09T04:00:00.000000000Z	『2020丹波の森フェスティバル』丹波市 - KissPRESS	丹波の森公苑（丹波市）で10月25日、『丹波の森フェスティバル～森とふれあおう！まるごと満喫☆丹波の森公苑～』が開催されます。今年は新型コロナウイルス感染症拡大防止のため、中庭芝生広場を中心に規模を縮小して実施されますが、自然と触れ合えるイベントとあって期待度大！参加無料の里山ハイキングやツリーイング体験など自然と触れ合うイベントが用意されているほか、室内外のワークショップ、展示ギャラリーなどが充実しています。また、会場内のステージではウクレレやオカリナの演奏や紙芝居といった催しが実施予定です。自然を感じながらゆったりとした一日を過ごせそうですね。			https://kisspress.jp/articles/30043/	https://kisspress.jp/shared/img/articles/basic/30000-30099/30043/img5f7beca9bbc96_tw.jpg
2020-10-08T15:05:10.000000000Z	川崎・河原町団地近くの「カフェデニム」が18周年 ロックヒルズガーデンで記念イベント - 川崎経済新聞	川崎の河原町団地近くにある「カフェデニム」（川崎市幸区遠藤町）が18周年を迎えた。			https://kawasaki.keizai.biz/headline/989/	https://images.keizai.biz/kawasaki_keizai/headline/1602167623_photo.jpg
2020-10-08T03:03:18.000000000Z	シンガー・ソングライター 山木康世さん 父の思い出は土のにおい 生き方を相談したくなる - 東京すくすく	祖父が山形から北海道へ入植父はジャガイモの研究員生まれは札幌です。父方の祖父が山形から入植し、リンゴ園を開きました。リンゴ栽培は伯父が継ぎましたが、敷地内で父と母、姉2人、兄1人の6人で暮らしました。1913（大正2）年生ま...			https://sukusuku.tokyo-np.co.jp/kazokunokoto/36699/	https://sukusuku.tokyo-np.co.jp/wp-content/uploads/2020/10/T200917G00039201-e1602123514823-300x300.jpg
2020-10-08T07:00:00.000000000Z	ウクレレ歌手八桁さん ｢華々しくデビューしたい｣ ライブのためＣＦ（クラウドファンディング）に挑戦 | 都筑区 | タウンニュース - タウンニュース	ウクレレ歌手の八桁（はけた）圭佑さん＝青葉台在住＝が所属する４人組アイドルバンド「Ｔｈｅ Ｂｕｂｂｌｅｓ（バブルス）」はプレデビューライブ開催のため、クラウドファンディングに挑戦している。 ＳＤＧｓを世の中に広めることを目的に、今年１月に結成。３月の男女混合バレーボールワールドカップの会場でデビューライブを行う予定だった...			https://www.townnews.co.jp/0104/2020/10/08/545514.html	https://www.townnews.co.jp/0104/images/a000997548_02.jpg
2020-10-05T07:00:00.000000000Z	世界に通じるモデル15歳ウクレレ奏者Ｕｋｕｒｅｎａ - ニッカンスポーツ	ウクレレ奏者のUkurena（ウクレナ＝15）がYouTubeチャンネル「rena_ukurena」を開設した。陽気なだけでなく、甘く切ないメロディーを奏でて… - 日刊スポーツ新聞社のニュースサイト、ニッカンスポーツ・コム（nikkansports.com）。			https://www.nikkansports.com/entertainment/news/202010040000555.html	https://www.nikkansports.com/entertainment/news/img/202010040000555-w500_0.jpg
2020-10-04T07:00:00.000000000Z	【活躍する女性】新しい「自分」をプロデュース 子供との日常が生んだ「虫のつぶやき」 荻野目洋子が語る仕事と家庭・子育て (2020年10月4日) - エキサイトニュース	荻野目洋子さんといえば、「ダンシング・ヒーロー（EatYouUp）」。歌って踊る、キラキラしたアイドルとして多くのファンを沸かせた。2017年、そんな大ヒット曲がリバイバルヒット。その3年後の夏。ウク...			https://www.excite.co.jp/news/article/Jcast_kaisha_395679/	https://s.eximg.jp/exnews/feed/Jcast/Jcast_kaisha_395679_1.jpg
2020-10-02T21:00:00.000000000Z	涙が止まらない、物を壊す…被災児童のSOS 熊本で寄り添う認定NPO - 西日本新聞	熊本県南部を襲った豪雨は多くの家屋に被害を与え、子どもたちにも過大なストレスをもたらした。涙が止まらない、食事の量...｜西日本新聞は、九州のニュースを中心に最新情報を伝えるニュースサイトです。九州・福岡の社会、政治、経済などのニュースを提供します。			https://www.nishinippon.co.jp/item/n/650721/	https://www.nishinippon.co.jp/uploads/image/686452/sns_IP201002JAA000478000.jpg
2020-10-02T06:00:59.000000000Z	カラニ・ペア他、ハワイを代表するアーティストがJ-popをハワイアンにリメイクしたコンピレーション・アルバム第2弾を発売決定（E-TALENTBANK） - Yahoo!ニュース	日本の名曲をハワイ語＆英語に訳し、グラミー受賞の実力派から、大注目のニューフェイスまでハワイの有名ミュージシャン達を中心にしたコンピレーション・アルバム「ALOHA &amp; MAHALOⅡ ～J-son			https://news.yahoo.co.jp/articles/b5fac0645ada6b34875246bf883d2ff412ec5ae6	https://amd.c.yimg.jp/amd/20201002-00168273-etalent-000-1-view.jpg
2020-10-01T07:00:00.000000000Z	Journey Guitars オンラインストアで Strings 4 U 無料体験レッスンの提供を開始 - PR TIMES	株式会社アンコールMSのプレスリリース（2020年10月1日 07時48分）Journey Guitars オンラインストアで Strings 4 U 無料体験レッスンの提供を開始			https://prtimes.jp/main/html/rd/p/000000012.000051720.html	https://prtimes.jp/i/51720/12/ogp/d51720-12-772747-0.jpg
2020-10-01T07:00:00.000000000Z	親子2人でハマり中 : 美奈子 公式ブログ - lineblog.me	親子で急にどハマりしてるウクレレ。 独学で 2人で頑張って練習中( *´艸`) 同じ趣味とかあると 会話が増えるな‪⸜(*ˊᵕˋ*)⸝‬ #親子2人でハマり中 #ウクレレ #癒される			https://lineblog.me/minako/archives/13265134.html	https://obs.line-scdn.net/0ht288uqbzKx0FQQIOvmlUSkkcLXJ8IjEVbzk8J3AXITNwLTwdbTs4I38RL3M0KihKO0IsLF8lIUZ2MR9La3gWGV8mJnpAGGQJY1AnGnRddSopcWlCPCJkfiBJJ38gdm9IfCY2KCEUICp_
2020-09-29T07:00:00.000000000Z	つじあやの、配信オーディオライブより「風になる」スタジオバージョンを公開（BARKS） - Yahoo!ニュース	つじあやのが、9月21日に初の配信ライブを敢行。披露された『風になる』のスタジオライブの模様が、つじあやのオフィシャルYouTubeチャンネルで公開された（https://youtu.be/Glw7			https://news.yahoo.co.jp/articles/3e5513bb39524284a42404a86d87bd8ef138ce6b	https://amd.c.yimg.jp/amd/20200929-00189810-bark-000-1-view.jpg
2020-09-28T07:00:00.000000000Z	「ウィズコロナの新しい園ルール」を子どもたちに伝えるお助けアイデア大特集『PriPri 11月号』：時事ドットコム - 時事通信	［株式会社世界文化ホールディングス］2020年9月28日（月）保育が広がるアイデアマガジン『PriPri（プリプリ）11月号』9月28日（月）発売の『PriPri 11月号』では、新しい生活様式を子どもたちに分かりやすく伝えるアイデアを特集。また、絵本専門士や著名人がおすすめする絵本を紹介します。■あたらしい「ルール」や「あそび」を知ろう！Withコロナの園生活5月に「新しい生活様式」が呼びかけられて以降、マスクの着用や衝立など、ソーシャルディスタンスを保つ工夫があらゆる場所で見られるようになり…			https://www.jiji.com/jc/article?k=000000924.000009728&g=prt	https://prtimes.jp/i/9728/924/resize/d9728-924-655899-1.jpg
2020-09-27T07:00:00.000000000Z	「素敵よ～っ」「最高」「カッコ可愛い」香取慎吾、ウクレレを持った陽気なショットにファン歓喜 【ABEMA TIMES】 | ABEMA TIMES - AbemaTIMES	「素敵よ～っ」「最高」「カッコ可愛い」香取慎吾、ウクレレを持った陽気なショットにファン歓喜。ABEMA TIMES[アベマタイムズ]は「見たい！」がみつかる情報ニュースサイトです。ABEMAの番組を中心に、ニュース映像や面白動画の紹介、著名人のインタビュー等選りすぐりの情報をお届けします。			https://times.abema.tv/news-article/8626076	https://times.abema.tv/files/topics/8626076_ext_col_40.jpg?v=1601172239
2020-09-27T07:00:00.000000000Z	音楽のチカラで暮らしを豊かに - 朝日新聞社	青春ポップスを歌う。音楽にあわせて軽い運動をする。エレクトーン、ウクレレを演奏する。こうした音楽レッスンに挑戦できる体験会が2月、ヤマハ音楽振興会の協賛で都内で開かれました。参加したのはReライフの読者会議メンバー計22人。盛り上がりを見せた当日の模様をご紹介します。			https://www.asahi.com/relife/article/13718483	https://p.potaufeu.asahi.com/4ce3-p/picture/21315299/ae566253288191ce5d879e51dae1d8c3.jpg
2020-09-27T07:00:00.000000000Z	「素敵よ~っ」「最高」「カッコ可愛い」香取慎吾、ウクレレを持った陽気なショットにファン歓喜（2020年9月27日）｜BIGLOBEニュース - BIGLOBEニュース	俳優の香取慎吾が9月26日に自身のInstagramを更新。ウクレレを弾く陽気なオフショットを公開し、話題となっている。ViewthispostonInstag…（2020年9月27日 11時3分0秒）			https://news.biglobe.ne.jp/entertainment/0927/abt_200927_9414052998.html	https://news.biglobe.ne.jp/entertainment/0927/9414052998/abt_8626076_ext_col_40_thum800.jpg
2020-09-26T07:00:00.000000000Z	２色ハイビスカス、熊本市で咲く 品種改良前に「先祖返り」 ｜ 熊本日日新聞 - kiji.is	熊本市南区のウクレレ講師直江裕美さん（４８）方の庭で、１輪だけ黄とピンクが半々のツートンカラーのハイ...			https://this.kiji.is/682397462319711329	https://nordot-res.cloudinary.com/c_fill,w_800,h_400,g_faces,f_auto,q_auto:eco/ch/images/682434177263469665/origin_1.jpg
2020-09-26T07:00:00.000000000Z	２色ハイビスカス、熊本市で咲く 品種改良前に「先祖返り」（熊本日日新聞） - Yahoo!ニュース	熊本市南区のウクレレ講師直江裕美さん（４８）方の庭で、１輪だけ黄とピンクが半々のツートンカラーのハイビスカスが咲いているのが見つかった。５枚の花びらのうち３枚が黄色、２枚がピンクになっている。			https://news.yahoo.co.jp/articles/98e774d87fb5ff7b91b3f143f615774253328055	https://amd.c.yimg.jp/amd/20200926-00000003-kumanichi-000-2-view.jpg
2020-09-23T09:03:41.000000000Z	平井 大、「THE FIRST TAKE」第二弾「僕が君に出来ること」をYouTubeプレミア公開（BARKS） - Yahoo!ニュース	平井 大が本日9月23日22時、一発撮りのパフォーマンスを鮮明に切り取る人気YouTubeチャンネル「THE FIRST TAKE」に再び登場することが発表された。			https://news.yahoo.co.jp/articles/8d0b23961ccb57cbc156d4673a3903171d705db9	https://amd.c.yimg.jp/amd/20200923-00189465-bark-000-1-view.jpg
2020-09-23T07:00:00.000000000Z	フェンダーからHERのソウルフルなサウンドとスタイリングを体現したシグネイチャーStratocasterが登場（BARKS） - Yahoo!ニュース	FENDER MUSICAL INSTRUMENTS CORPORATION（以下フェンダー）が、グラミー賞受賞R&amp;BシンガーソングライターH.E.R.とのコラボレーションによるシグネイチャーStr			https://news.yahoo.co.jp/articles/ba81e9a3fc266a26d1bc771b90e8b8225e5475b6	https://amd.c.yimg.jp/amd/20200923-00189452-bark-000-1-view.jpg
2020-09-23T07:00:00.000000000Z	平井 大、「THE FIRST TAKE」第二弾「僕が君に出来ること」をYouTubeプレミア公開 - BARKS	平井 大が本日9月23日22時、一発撮りのパフォーマンスを鮮明に切り取る人気YouTubeチャンネル「THE FIRST TAKE」に再び登場することが発表された。◆プレミア公開 動画先日、同YouTubeチャンネ...			https://www.barks.jp/news/?id=1000189465	https://img.barks.jp/img/article/1000189465/H/1200.jpg
2020-09-23T07:00:00.000000000Z	野楽器『おうち時間が増えて「売れた商品」ランキングTOP10』を公開：紀伊民報AGARA - 紀伊民報	おうち時間が増えた影響で楽器の需要が上がっています株式会社⼭野楽器（本社︓東京都中央区銀座、代表取締役社⻑ ⼭野政彦）より、新型コロナウイルスによる外出⾃粛やおうち時間増の影響で、売り上げを伸ばした楽...			https://www.agara.co.jp/article/82086	https://kyodonewsprwire.jp/prwfile/release/M103514/202009184567/_prw_PI5im_B3zO580t.jpg
2020-09-23T07:00:00.000000000Z	8月30日は「サンレレの日」 三線+ウクレレ「愛される音」記念動画に - 47NEWS	【読谷】三線とウクレレを融合した沖縄生まれの楽器「サンレレ」。その魅力を広く知ってもらおうと、楽器の提案者であるディアマンテスのアルベルト城間さんや開発者の三線工房マチダヤ（町田宗朝社長、読谷村高志 ...			https://www.47news.jp/5289548.html	https://img.cf.47news.jp/public/photo/a79a18916a023efc8199a60ee7895f51/photo.jpg
2020-09-23T07:00:00.000000000Z	マイ・ケミカル・ロマンスのジェラルド・ウェイ、ビリー・アイリッシュのウクレレを入手 - http://nme.com	マイ・ケミカル・ロマンスのジェラルド・ウェイは最近贈られたビリー・アイリッシュのフェンダー製シグネイチャー・ウクレレで新曲をレコーディングするかもしれないと述べている。...			https://nme-jp.com/news/93543/	https://nme-jp.com/nmesite/wp-content/uploads/2020/09/BillieGerard.jpg
2020-09-23T07:00:00.000000000Z	ウクレレの日の1週間後は「サンレレの日」 沖縄産の楽器アピール - 沖縄タイムス	【読谷】三線とウクレレを掛け合わせた沖縄県産楽器「サンレレ」を開発・販売しているＭＡＣＨＩＤＡＹＡ（読谷村、町田宗朝社長）はこのほど、サンレレのさらなる普及につなげようと、８月３０日を「サンレレの日」に制定すると宣言した。			https://www.okinawatimes.co.jp/articles/-/636315	https://oki.ismcdn.jp/mwimgs/e/c/-/img_ecae6c7abb395f17c1dccbed831cdf92770428.jpg
2020-09-22T07:00:00.000000000Z	ウクレレシンガー・KAIKI、2020年初のワンマンライブ開催決定 - E-TALENTBANK	国内外問わず幅広いシーンで活躍中のウクレレシンガーKAIKIが、10月3日に今年初のワンマンライブをブルースアレイジャパン(目黒)で開催する。			https://e-talentbank.co.jp/news/166079/	https://etb-media-photo.s3.ap-northeast-1.amazonaws.com/wp-content/uploads/2020/09/22102933/iOS-%E3%81%AE%E7%94%BB%E5%83%8F-788x630.jpg
2020-09-22T00:43:00.000000000Z	岩瀬牧場でハワイ気分 フラショーやウクレレ披露 鏡石 - 47NEWS	「岩瀬牧場にハワイがやってくる！」と銘打ったイベントは二十日、鏡石町の同牧場で開かれ、多くの来場者が常夏の雰囲気を味わった。 初めての企画で、フラショーやウクレレのレッスン、ワークショップを繰り広げ ...			https://www.47news.jp/localnews/5285710.html	https://img.cf.47news.jp/public/photo/38b4f8a3d6dbdf67d4e9b52d7f9e06ed/photo.jpg
2020-09-20T07:00:00.000000000Z	第15回マウイ ウクレレ フェステイバル - ニコニコニュース	世界で活躍するウクレレのアーテイストたちがマウイ島のMaui Arts &amp; Cultural Centerに集結して開催するマウイ島のビッグイベントの一つです。地元の子供たちやシニアの方々も参加する笑顔と愛が集まる希望の祭典になります。A…			https://news.nicovideo.jp/watch/nw8143569	https://news.cdn.nimg.jp/articles/images/8143569/2212aacd2b9d1bd3b9bc759068252be3334e028216f1b275d01aa7d2acb2f2970a43fed268f1f1c87e359b08dc1390b38085cd15fca6c2338c6c0cd54ef47919
2020-09-18T07:00:00.000000000Z	Vtuber・神楽すずを“ウクレレに”描いてみた！ 電熱ペンの焦がしの濃淡で表現された御姿に「なんて清楚なんだ」「これが痛レレか」の声 - ニコニコニュース	今回紹介したいのは、ぜろさんが投稿した『【ウクレレ】神楽すずを焦がしてみた【自作キット】』という動画です。投稿者メッセージ（動画説明文より）電熱ペンを利用した『ウッドバーニング』と呼ばれる作品です。 今回は、アイドル部のウキウキウクレレ…			https://news.nicovideo.jp/watch/nw8125904	https://news.cdn.nimg.jp/articles/images/8125904/da3d94ce7f6f0ec677153ca1ccc49fe10db3fde30dab659a8594471487cbf4a78e22ccf595aac00f5185353276262b6fb421f22c90629de89a3ef05ae34a4f51
2020-09-17T07:00:00.000000000Z	【ネット限定先行販売商品】『使うコードは最大5つ! 超初級のウクレレ弾き語り』9月28日発売！ (2020年9月17日) - エキサイトニュース	画像:https://newscast.jp/attachments/AlVOrchGkKN432tVqO6Z.jpg使うコードは最大5つ!超初級のウクレレ弾き語りウクレレ初心者でも気軽に楽しめる弾き...			https://www.excite.co.jp/news/article/Atpress_226877/	https://s.eximg.jp/exnews/feed/Atpress/Atpress_226877_1.jpg
2020-09-17T07:00:00.000000000Z	岩瀬牧場でハワイ体感を ２０日、ウクレレやフラダンス | 福島民報 - 福島民報	「岩瀬牧場にハワイがやってくる！」と題したイベントが二十日、鏡石町の同牧場で開かれる。初めての企画で、フラショーやスタンプワークショップ、ウクレレのレッスンを繰り広げる。 開催時間は午…			https://www.minpo.jp/news/detail/2020091779083	https://www.minpo.jp/common/img/news/2020091779083_0.jpg
2020-09-17T07:00:00.000000000Z	県産材ギター製作始動 ウクレレ試作 加工で課題も 五箇山・辻四郎工房 - 中日新聞	乱伐で調達が難しくなってきたギター用高級木材の代替材に、県産スギの間伐材を使うプロジェクトが南砺市・五箇山の「辻四郎ギター工房」で始ま...			https://www.chunichi.co.jp/article/122146	https://static.chunichi.co.jp/image/article/size1/8/8/7/3/887303a0a49af4f8ad66b14a78156b8c_1.jpg
2020-09-16T07:00:00.000000000Z	ビリー・アイリッシュ、待望の新曲＆MVを数週間後にリリースすると発表！ 超小声でこっそりファンに伝える[動画あり] - TVグルーヴ・ドット・コム	人気歌手のビリー・アイリッシュ（18）が、新曲とそのMVを数週間後にリリースすると発表した。 ビリー・アイリッシュは9月14日、インスタグラムの生配信を実施。そこで彼女は「最近2時間以上寝てない。新しいプロジェクトをスタ...			https://www.tvgroove.com/?p=49737	https://www.tvgroove.com/wp-content/uploads/2020/09/billie-1.jpg
2020-09-15T07:00:00.000000000Z	大ヒットラブコメ『50回目のファースト・キス』、リブートショートムービーを公開！2020年に目覚めたルーシーにヘンリーが説明したこととは？［動画あり］ - TVグルーヴ・ドット・コム	※本記事には『50回目のファースト・キス（原題：50 First Dates）』のネタバレが含まれます。 &nbsp; &nbsp; 2004年に米公開されたラブコメ映画『50回目のファースト・キス（原題：50 Firs...			https://www.tvgroove.com/?p=49574	https://www.tvgroove.com/wp-content/uploads/2020/09/DrewBarrymore.jpg
2020-09-15T07:00:00.000000000Z	多和田えみ、Tomoki Sato共作の甘く切ない新曲「SUMMER RAIN」配信（音楽ナタリー） - Yahoo!ニュース	多和田えみが明日9月16日にウクレレ奏者でシンガーソングライターのTomoki Satoをフィーチャーした新曲「SUMMER RAIN」を配信リリースする。			https://news.yahoo.co.jp/articles/8a0a0cc020ef2fc8d532736c4c1f9f9878f4881c	https://amd.c.yimg.jp/amd/20200915-00000059-natalien-000-1-view.jpg
2020-09-15T07:00:00.000000000Z	今月のマンスリースペシャルアーティストは、 ウクレレのスーパープレイヤー・ ジェイクシマブクロ！ - ニコニコニュース	今月のマンスリースペシャルアーティストは、ジェイクシマブクロ！ ウクレレを弾いたことがない人、余り興味がない人でも、名前だけは聞いたことがある方も多いのではないでしょうか?! 先月の特集アーティストCharや、LaniLaniミュージッ…			https://news.nicovideo.jp/watch/nw8106892	https://news.cdn.nimg.jp/articles/images/8106892/f25c3c75f94a39db93877b1583a57e26ac93a70310fd0d4eb5ff190028e7ff0fec11310840717fd091afda43972cd84a8079b34e78381c6721f2b17eab4ca321
2020-09-11T07:00:00.000000000Z	「竹内涼真の撮休」特報映像で寝起き姿を公開（MusicVoice） - Yahoo!ニュース	竹内涼真が本人役で主演を務めるドラマ『竹内涼真の撮休』（WOWOWプライム、11月6日スタート）の特報映像がこのほど公開された。特報映像は、撮休となった理由を明らかするオープニングの一幕で、寝起き			https://news.yahoo.co.jp/articles/a175a0f3636f3793c9ba514bf46797107bc6fff9	https://amd.c.yimg.jp/amd/20200911-00010001-musicv-000-1-view.jpg
2020-09-11T07:00:00.000000000Z	平井 大、「祈り花 2020」をウクレレの弾き語りで一発撮り披露 | BARKS - BARKS	YouTubeチャンネル「THE FIRST TAKE」の新コンテンツ「THE FIRST TAKE」第53回の詳細が発表された。「THE FIRST TAKE」は、一発撮りのパフォーマンスを鮮明に切り取るYouT...			https://www.barks.jp/news/?id=1000188856	https://img.barks.jp/img/article/1000188856/H/1200.jpg
2020-09-10T07:00:00.000000000Z	ビリー・アイリッシュ、ギターメーカーのフェンダーとのコラボ・ウクレレが発売！ ビリーがウクレレの魅力を語る[写真・動画あり] - TVグルーヴ・ドット・コム	人気歌手のビリー・アイリッシュと、世界的ギターメーカーのフェンダーがコラボし、特別仕様のウクレレ「ビリー・アイリッシュ・シグネチャー・ウクレレ」が発売開始となった（日本では9月12日から販売開始）。 フェンダー社は9月8...			https://www.tvgroove.com/?p=49198	https://www.tvgroove.com/wp-content/uploads/2020/09/billieeilish.jpg
2020-09-09T07:00:00.000000000Z	グラミー賞5部門受賞アーティスト、ビリー・アイリッシュのシグネイチャーウクレレを発売開始！ - PR TIMES	フェンダーミュージックのプレスリリース（2020年9月9日 09時00分）グラミー賞5部門受賞アーティスト、ビリー・アイリッシュのシグネイチャーウクレレを発売開始！			https://prtimes.jp/main/html/rd/p/000000180.000021878.html	https://prtimes.jp/i/21878/180/ogp/d21878-180-177972-0.jpg
2020-09-09T07:00:00.000000000Z	Billie Eilish×Fenderのシグネイチャーウクレレ発表 ウクレレを弾く動画も - DIGLE MAGAZINE	フェンダーから、Billie Eilish（ビリー・アイリッシュ）がデザインしたシグネイチャーウクレレ『BILLIE EILISH SIGNATURE UKULELE』が9月12日（土）より発売。楽器全体に彼女のトレードマークである『BLOHSH™』シンボルを配し、彼女の好みのスペックと美学を完全に具現化。			https://mag.digle.tokyo/news/92483	https://i0.wp.com/mag.digle.tokyo/wp-content/uploads/2020/09/billie-news-mv.jpg?fit=650%2C414&#038;ssl=1
2020-09-09T07:00:00.000000000Z	フェンダー、ビリー・アイリッシュのシグネイチャーウクレレ「Billie Eilish Signature Ukulele」を発売 - BARKS	FENDER MUSICAL INSTRUMENTS CORPORATION（以下、フェンダー）が、ビリー・アイリッシュのシグネイチャーウクレレを発表。「Billie Eilish Signature Ukulel...			https://www.barks.jp/news/?id=1000188681	https://img.barks.jp/img/article/1000188681/H/1200.jpg
2020-09-04T07:00:00.000000000Z	多才なメドベージェワ、意外な“楽器挑戦ショット”に海外反響「何が弾けるの？」 - THE ANSWER	フィギュアスケートのエフゲニア・メドベージェワ（ロシア）がインスタグラムを更新。ウクレレに挑戦する様子を画像付きで公開し、「良い写真」「何が弾けるの？」「ウクレレソングのアルバムはいつ？」と海外ファンの視線を集めている。			https://the-ans.jp/news/125768/	https://the-ans.info/wp-content/uploads/2019/03/20190326_medvedeva_ap.jpg
2020-08-26T07:00:00.000000000Z	【音楽でハワイ】色んなテクニックを使った曲をウクレレで弾いてみよう！｜allhawaii - allhawaii	第2回目のウクレレレッスンはいかがでしたか？本日のウクレレレッスンでは色んなテクニックを使った曲にチャレンジしてみませんか？本日の課題曲はTheLionSleepsTonighitです！スクラッチ、ノ…			https://www.allhawaii.jp/article/4427/	https://d2znjoo7p8l5rk.cloudfront.net/column_cover/user/79/article/4427/20082607235760991.png
2020-08-23T07:00:00.000000000Z	13歳の天才ウクレレ少年が弾く「Bad Guy」カバーが超絶技巧！ウクレレのイメージが変わるよ/ 8月23日は #ウクレレの日 - youpouch.com	ウクレレの曲というと、のんびりとしたハワイアンミュージックを思い浮かべる人も多いかもしれません。 しかし今回ご紹介する動画は、そんなイメージを覆すような激しく …			https://youpouch.com/2020/08/23/708157/	https://youpouch.com/wp-content/uploads/sites/4/2020/08/fen.jpg?w=580&amp;h=305&amp;crop=1
2020-08-23T07:00:00.000000000Z	ハワイ激動の歴史から産まれたヒーリングサウンド。8月23日は「ウクレレの日」(tenki.jpサプリ 2020年08月23日) - 日本気象協会 tenki.jp - tenki.jp	ウクレレ（UKULELE）は、スティール・ギターとともにハワイアン・ミュージックの中心となる優れた楽器です。1879年の8月23日、ハワイに到着した、ヨーロッパ西端のマデイラ島からの移民船に、マデイラの民族楽器マシェーテ、またはブラギーニャを携えた青年がいました。青年はハワイに到着すると楽器を奏で、歌を歌いました。のちに、その楽器をもとにした「UKULELE（ウクレレ）」と呼ばれる楽器が誕生し、それを記念して8月23日は「ウクレレの日」と制定されました。			https://tenki.jp/suppl/kous4/2020/08/23/29952.html	https://storage.tenki.jp/storage/static-images/suppl/article/image/2/29/299/29952/1/large.jpg
2020-08-19T07:00:00.000000000Z	セラピー性の高い楽器ウクレレ、孤独が癒えウキウキできる（NEWS ポストセブン） - Yahoo!ニュース	初めてでもすぐ弾けて、何といっても明るく軽やかな音色が魅力のウクレレ。現在87才の高木ブーさんもウクレレ奏者として知られ、高齢者の習い事としても人気だが、オンライン教室で初挑戦する人も増えていると			https://news.yahoo.co.jp/articles/d93f9e63eefbe3764d0d2e0b04ab1cedab37846e	https://amd.c.yimg.jp/amd/20200819-00000005-pseven-000-3-view.jpg
2020-08-18T07:00:00.000000000Z	MBS「ちちんぷいぷい」に枚方出身ウクレレ少年 近藤利樹がでるみたい。8月19日放送。Billboard Live最年少出演なども - 枚方つーしん	MBS「ちちんぷいぷい」に枚方出身のウクレレ少年 近藤利樹さんが出演するようです。近藤利樹｜SonyMusic公式サイトメディア情報近藤さんといえば、「嵐にしやがれ」をはじめ数々のテレビ出演や、史上最年少で「FUJI ROCK FESTIVAL’19」に出演したりワンマンライブを開催する			http://www.hira2.jp/topic/kondotoshiki-20200818.html	https://livedoor.blogimg.jp/hiratsu/imgs/f/9/f91736f3.jpg
2020-08-18T07:00:00.000000000Z	高木ブーは代表的奏者 僕からウクレレ取ったら何も残らぬ（NEWS ポストセブン） - Yahoo!ニュース	高齢の初心者でも気軽に楽しめるウクレレが密かなブーム。4本の弦をつま弾くだけで、温かなハーモニーがコロナで凹んだ心を元気にしてくれる。日本を代表するウクレレ奏者としても知られる高木ブーさん（87才			https://news.yahoo.co.jp/articles/1f4252ce1303b526bf81049f2502a1bf4d68b408	https://amd.c.yimg.jp/amd/20200818-00000010-pseven-000-2-view.jpg
2020-08-17T07:00:00.000000000Z	【音楽でハワイ】オンラインで聴くウクレレ・ピアノ演奏｜allhawaii - allhawaii	ハワイでは、日本と違って自然な形で、ミュージックが耳に入ってきますよね？ホテルのロビー、ラウンジ、バー、レストラン、ショッピングモールと、聴ける場所が沢山あります。ハワイ旅行をしなくても、そんな演奏が…			https://www.allhawaii.jp/article/4401/	https://d2znjoo7p8l5rk.cloudfront.net/column_cover/user/79/article/4401/20081516012457913.png
2020-08-14T07:00:00.000000000Z	１３歳ウクレレ奏者・近藤利樹が８・２３にビルボード生配信ライブに出演 昨夏フジロックに続く「史上最年少」更新…新境地見せる｜ニフティニュース - ニフティニュース	“ナニワの光速ウクレレ・プレイヤー”の異名を誇る現役中学生・近藤利樹（１３）が、８月２３日の午後４時から、ビルボードライブ史上最年少で生配信ライブを行うことになった。７歳からウクレレを始め、…	ウクレレ奏者,近藤利樹		https://news.nifty.com/article/entame/showbizd/12265-759930/	https://news.nifty.com/cms_image/news/entame/12265-759930/thumb-12265-759930-entame.jpg
2020-08-14T07:00:00.000000000Z	１３歳ウクレレ奏者・近藤利樹が８・２３にビルボード生配信ライブに出演 昨夏フジロックに続く「史上最年少」更新…新境地見せる - スポーツ報知	“ナニワの光速ウクレレ・プレイヤー”の異名を誇る現役中学生・近藤利樹（１３）が、８月２３日の午後４時から、ビルボードライブ史上最年少で生配信ライブを行うことになった。７歳からウクレレを始め、大人顔負			https://hochi.news/articles/20200814-OHT1T50057.html	https://hochi.news/images/2020/08/14/20200814-OHT1I50076-L.jpg
2020-08-13T07:00:00.000000000Z	持ち前の「ガラガラ」武器に 密なし 宇都宮動物園プール 16日、ウクレレライブも｜地域の話題,県内主要｜下野新聞「SOON」ニュース｜新型肺炎-COVID19-｜下野新聞 SOON(スーン) - 下野新聞	【宇都宮】利用者が少ないことから「日本一すいているかもしれない」を売りにしている宇都宮動物園（上金井町）のプール。例年、１日の平均利用者数は10人足らずで、特に今年は新型コロナウイルス対策の３密回避が指摘されているだけに、持ち前の「ガラガラ」が武器になっている。16日には、プールサイドでウクレレライブも行われる。 プールは同園入り口付近にあり、１周約３００メートルのドーナツ型プールや幼児向けの水浴びスペース、高さ約８メートルの滑り台を備える。 今年は７月18日にオープン。			https://www.shimotsuke.co.jp/articles/-/346595	https://www.shimotsuke.co.jp/mwimgs/6/6/600wm/img_669342bc600e8017feed0ecc8222ba0d3520314.jpg
2020-08-08T07:00:00.000000000Z	海の声をウクレレで弾き語りcoverしました : みーちゃん(yuma) 公式ブログ - lineblog.me	夏をお届け😁			https://lineblog.me/michan39/archives/13261186.html	https://i.ytimg.com/vi/htT91nQpY0U/maxresdefault.jpg
2020-08-08T07:00:00.000000000Z	【音楽でハワイ】はじめてのウクレレレッスンを受講してみよう｜allhawaii - allhawaii	ハワイの思い出にウクレレをおみやげに購入された方、ウクレレをいつか弾けるようになりたいとウクレレが押し入れやクローゼットで眠っているという方、チャンスです。これからウクレレをはじめようという、ウクレレ…			https://www.allhawaii.jp/article/4378/	https://d2znjoo7p8l5rk.cloudfront.net/column_cover/user/79/article/4378/20080801402398906.png
2020-08-04T07:00:00.000000000Z	千葉翔也のバッチリしようや Reading.47 ウクレレ | JOURNAL 連載 - KIKI by VOICE Newtype	いよいよ夏本番ということで、お部屋で南国気分を味わえる王道アイテム「ウクレレ」に挑戦！ 初めて触れるとは思えない上達ぶりで、童謡やヒットソングを奏でるうちに……なんと、連載テーマソングまでできちゃった…			https://kiki-voice.jp/journal/1040	https://kiki-voice.jp/data/1040/20200803_150936_381341.jpg
2020-08-04T07:00:00.000000000Z	フェンダー、ストラトやジャズマスターのシェイプを採用したウクレレ「Fullerton Ukulele」シリーズ販売開始（BARKS） - Yahoo!ニュース	カリフォルニア州アナハイムで開催されたWinter NAMM 2020で発表され注目を集めたフェンダーの新しいウクレレの国内販売がいよいよスタート。フェンダーのアイコニックなエレクトリックギターのシ			https://news.yahoo.co.jp/articles/afa7b8e399b9c4557bec6ff62f9d1f439aaf7d9a	https://amd.c.yimg.jp/amd/20200804-00186771-bark-000-1-view.jpg
2020-07-30T07:00:00.000000000Z	【音楽でハワイ】ジョディ・カミサトさんからウクレレの基礎を学ぼう！｜allhawaii - allhawaii	Aloha!ハワイアンミュージックの象徴的な楽器として世界で認知されている、ウクレレ。そのウクレレの基礎をハワイ州観光局が行っているプロモーション、おうちでハワイの【音楽でハワイ】にて、ハワイで活躍す…			https://www.allhawaii.jp/article/4361/	https://d2znjoo7p8l5rk.cloudfront.net/column_cover/user/79/article/4361/20073013501074703.png
2020-07-30T07:00:00.000000000Z	この夏に始めよう！極めよう！今年はウクレレが当たる！「ウクレレ・フェア2020」が今年も開催【応募締切2020年9月30日】 - PR TIMES	株式会社インプレスホールディングスのプレスリリース（2020年7月30日 13時30分）この夏に始めよう！極めよう！今年はウクレレが当たる！[ウクレレ・フェア2020]が今年も開催 応募締切2020年9月30日			https://prtimes.jp/main/html/rd/p/000003376.000005875.html	https://prtimes.jp/i/5875/3376/ogp/d5875-3376-625217-0.jpg
2020-07-26T07:00:00.000000000Z	ウクレレ弾いてリラックス 稲美の障害者支援施設 - 神戸新聞	障害者を対象にした就労継続支援Ｂ型事業所「カヤック」（兵庫県稲美町中村）の利用者が、ウクレレを演奏するリラクセーションに取り組んでいる。新型コロナウイルスの感			https://www.kobe-np.co.jp/news/touban/202007/0013543708.shtml	https://www.kobe-np.co.jp/news/touban/202007/img/b_13543709.jpg
2020-07-21T07:00:00.000000000Z	現役中学生ウクレレプレイヤー近藤利樹、Billboard Live（生配信ライブ）最年少出演決定！ - ジェイタメ	-			https://jtame.jp/entertainment-2/30139/	https://jtame.jp/data/wp-content/uploads/2020/07/a2fe5bb85274c82c50fbd2bb404a618f.jpg
2020-07-18T07:00:00.000000000Z	【家族でハワイ】ウクレレ・フェスティバル・ハワイにオンラインで参加しよう｜allhawaii - allhawaii	毎年7月、オアフ島カピオラニ公園でウクレレフェスティバルが開催されます。世界中からウクレレアーティスト、ウクレレファンが集結するイベントです。今年は、1971年から開催したウクレレ・ハワイ・フェスティ…			https://www.allhawaii.jp/article/4342/	https://d2znjoo7p8l5rk.cloudfront.net/column_cover/user/79/article/4342/20071900055976380.png
2020-07-16T07:00:00.000000000Z	【満席のため受付終了】【音楽でハワイ】ライブウクレレレッスン開催！楽しくハワイを体験しよう！｜allhawaii - allhawaii	満席に伴いライブウクレレレッスンの受付は終了いたしました。先着でご参加いただける参加者の皆さまには、今週中にメールにてレッスンの参加URLをご案内させていただきます。残念ながら、ご参加いただけない皆さ…			https://www.allhawaii.jp/article/4329/	https://d2znjoo7p8l5rk.cloudfront.net/column_cover/user/79/article/4329/20071419035356753.png
2020-07-04T07:00:00.000000000Z	氷見にウクレレ工房 富山市出身の平川さん - 47NEWS	■澄んだ弦の響き追求 イタリアでバイオリン製作の修業をした富山市出身のウクレレ製作者、平川大（ひろし）さん（４０）が氷見市島尾に工房を開いた。「きれいな仕上がりと澄んだ響きを追求したい」と話す。 ...			https://www.47news.jp/4980867.html	https://img.cf.47news.jp/public/photo/c73ff5ec4f499786af3fd55480b12762/photo.jpg
2020-06-15T07:00:00.000000000Z	“ウクレレの神様”オータサン、85歳でニューAL『アメイジング・ウクレレ』発売 - BARKS	世界的ウクレレ・プレイヤーであり、“ウクレレの神様”とも称されるオータサン（ハーブ・オオタ）のニューアルバム『アメイジング・ウクレレ』が、7月22日（水）にリリースされる。現在85歳のオータサンの新作が日本で発売さ...			https://www.barks.jp/news/?id=1000184156	https://img.barks.jp/img/article/1000184156/H/1200.jpg
2020-06-11T07:00:00.000000000Z	中学生ウクレレプレイヤー近藤利樹 『めざましテレビ』“キラビト”レジェンド編に出演決定 - http://spice.eplus.jp/	中学生ウクレレプレイヤー近藤利樹 『めざましテレビ』“キラビト”レジェンド編に出演決定			https://spice.eplus.jp/articles/270756	https://spice.eplus.jp/images/d2xEuINnD08ddk0DSiC13XTSM1t2e91WsSoxc3Y3QcjIYvod2zwZuiBN8tECua4H
2020-06-04T07:00:00.000000000Z	「あさイチ」近江アナ、朝ドラ「半分、青い。」主題歌をウクレレで熱唱に「癒されました」 - ENCOUNT	NHKの情報番組「あさイチ」の公式インスタグラムが4日、更新され、近江友里恵アナウンサーがウクレレを弾きながら美声を披露した。			https://encount.press/archives/53748/	https://encount.press/wp-content/uploads/2020/05/01379c40b264f666a072441571f8aee0-1.jpg
2020-06-04T07:00:00.000000000Z	ウクレレのある日常（！） - SPUR.JP	在宅期間に買ったもの。やはり家で過ごす時間を快適にしたいという気持ちが盛り上がり、スマートスピーカー（これについては本当に買ってよかったのでまた書きたいです）、ベランダで育てるための野菜の苗（トマト、育ってます！）、美味しいお取り寄せ食材、...			https://spur.hpplus.jp/fashion/smallgoodthings/202006/04/GJh1MpU/	http://static-spur.hpplus.jp/upload/image/manager/64/JnkScwA-1200x630.jpg
2020-06-04T07:00:00.000000000Z	ウクレレ界の雷様・高木ブーが同世代の「神様」出演番組にエール、自身は毎週ユーチューブ撮影｜まいどなニュース - 神戸新聞社	世界的なウクレレ奏者ハーブ・オオタ(左)とのツーショットを披露した高木ブー(インスタグラムより＠bootakagi85) 「ウクレレの雷様」が「ウクレレの神様」にエールを送った。ザ・ドリフターズの高木ブーが４日、自身のインスタグラム...			https://maidonanews.jp/article/13430475	https://public.potaufeu.asahi.com/8ba0-p/picture/21603512/1908912311b284541d627ec878cfd6ed.jpg
2020-06-03T07:00:00.000000000Z	中学生ウクレレプレイヤー近藤利樹、「news every.」お天気コーナーテーマ曲に起用 - BARKS	現役中学生ウクレレプレイヤー、近藤利樹のオリジナル曲「BEAUTIFUL GIRL」が、日本テレビ系「news every.」お天気コーナーテーマソング（6月～8月）に決定した。◆1stフルアルバム『WITH			https://www.barks.jp/news/?id=1000183583	https://img.barks.jp/img/article/1000183583/H/1200.jpg
2020-05-26T07:00:00.000000000Z	ステイホームでウクレレに挑戦してみよう♪初心者におすすめのハワイアンウクレレ曲をご紹介 - ニコニコニュース	家で過ごす時間が多いなか、今より楽しく充実したお家時間にするために、ウクレレにチャレンジしてみるのはいかがですか? ポロンポロンとしたウクレレの音は、夏は涼しく爽やかに、冬は暖かく穏やかな気持ちにさせてくれます。 今回は、誰でも簡単にウ…			https://news.nicovideo.jp/watch/nw7329770	https://news.cdn.nimg.jp/articles/images/7329770/3d09cd3b4b0e3b75f01b95b7715951aeecf573dc576a31981e04817fa482fded2a7cc94ab2276f6716bfd5eeb9bf90dab7800bd7209c03a60303688e36eac5c9
2020-05-26T07:00:00.000000000Z	ヤンゴンでオンラインアートスクール Kポップダンスやウクレレも - 足利経済新聞	シンガポールを拠点とするアートスクール「Art Village」が、オンラインのミャンマー校「Art Village Myanmar」を始めて2カ月がたった。			https://yangon.keizai.biz/headline/60/	https://images.keizai.biz/yangon_keizai/headline/1590471888_photo.jpg
2020-05-22T07:00:00.000000000Z	近江アナがウクレレ披露／21日芸能社会ニュース - 芸能 - ニッカンスポーツ	5月21日の芸能・社会ニュースをまとめて振り返ります。NHK近江友里恵アナウンサー（31）の結婚報道を受け、朝の情報番組「あさイチ」の公式インスタグラムにファ… - 日刊スポーツ新聞社のニュースサイト、ニッカンスポーツ・コム（nikkansports.com）。			https://www.nikkansports.com/entertainment/news/202005210000024.html	https://www.nikkansports.com/entertainment/news/img/202005210000024-w500_0.jpg
2020-05-22T07:00:00.000000000Z	動画で楽しく学ぼう！超初心者向け人気ウクレレ入門書がリニューアル - ストレートプレス	ステイホームの今、ウクレレを始めたいと思っている人にぴったりの教則本！ 『DVDで今日から弾ける！かんたんウクレレ New Edition』1380円(税別)が、リットーミュージックから5月23日(土)に新発売される。 ...			https://straightpress.jp/20200522/370613	https://straightpress.jp/wp-content/uploads/2020/05/yama05181515-300x225.jpg
2020-05-21T07:00:00.000000000Z	近江アナがウクレレ披露、結婚報道には祝福の声続々 - ニッカンスポーツ	NHK近江友里恵アナウンサー（31）の結婚報道を受け、朝の情報番組「あさイチ」の公式インスタグラムにファンから祝福の声が多数寄せられた。近江アナは21日、自身… - 日刊スポーツ新聞社のニュースサイト、ニッカンスポーツ・コム（nikkansports.com）。			https://www.nikkansports.com/entertainment/news/202005210000147.html	https://www.nikkansports.com/entertainment/news/img/202005210000147-w500_0.jpg
2020-05-21T07:00:00.000000000Z	楽器未経験の僕がウクレレに挑戦！ 半日練習したら1曲弾けるようになりました - roomie	みなさんは「おうち時間」をどんな風に過ごしていますか？ 自分の時間を持てる今だからこそ、普段できないことややってみたかったことにチャレンジしてみるのもいいかもしれませんね。 ということで、僕は前から弾いてみたかったウクレレにチャレンジ中です！			https://www.roomie.jp/2020/05/620366/	https://assets.media-platform.com/roomie/dist/images/2020/05/F7C84583-6C8F-474D-BA90-8A71490FBC0C.jpg
2020-05-18T07:00:00.000000000Z	フルカラーの紙面と動画で楽器の基礎の基礎から学べるウクレレ入門書の決定版がリニューアル！ - PR TIMES	株式会社インプレスホールディングスのプレスリリース（2020年5月18日 11時00分）フルカラーの紙面と動画で楽器の基礎の基礎から学べるウクレレ入門書の決定版がリニューアル！			https://prtimes.jp/main/html/rd/p/000003265.000005875.html	https://prtimes.jp/i/5875/3265/ogp/d5875-3265-973260-6.jpg
2020-05-08T07:00:00.000000000Z	ジャッキーちゃん、おすすめ“おうちエンタメ”は「ウクレレ」「ざこば・鶴瓶らくごのご」「よつばと！」【#StayHome連載】（ザテレビジョン） - Yahoo!ニュース	新型コロナウイルスによる外出自粛が続き、自宅で過ごす時間が長くなる中、著名人におすすめの「おうちエンタメ」をアンケートで聞く「#StayHome連載」。普段演者としてパフォーマンスする側の人々は自宅			https://news.yahoo.co.jp/articles/0bea1321b81eb2edcc1e79b4ba54f8bbcbf4a804	https://amd.c.yimg.jp/amd/20200423-00231172-the_tv-000-3-view.jpg
2020-05-02T07:00:00.000000000Z	【音楽でハワイ】スラックキー・ギターやウクレレのインストゥルメンタルミュージックでハワイを感じよう！｜allhawaii - allhawaii	【音楽でハワイ】シリーズ第4弾は、インストゥルメンタルのハワイアンミュージックコンサートをお届けします！インストゥルメンタルミュージックで使用されるスラックキー・ギターやウクレレは、1778年以降に西…			https://www.allhawaii.jp/article/4229/	https://d2znjoo7p8l5rk.cloudfront.net/column_cover/user/79/article/4229/20050204595790579.jpg
2020-05-02T07:00:00.000000000Z	社告：毎日文化センター 名駅 ウクレレとハワイアンソング ／愛知 - 毎日新聞	あなたも３日でミュージシャン。「ウクレレとハワイアンソング」講座は、小学生から中高年まで幅広い層に人気です。 ウクレレは弦楽器の中でも小さくて軽い楽器です。弦はギターより少ない４本で、手が小さい人や力が弱い人も扱えます。			https://mainichi.jp/articles/20200502/ddl/k23/040/182000c	https://cdn.mainichi.jp/vol1/2020/05/02/20200502ddlk23040226000p/0c8.jpg?1
2020-04-28T07:00:00.000000000Z	続く外出自粛、ストレス癒やすのは「ウクレレ」？老舗ギターメーカーが提案 - BLOGOS	新型コロナウイルス感染症にともなう緊急事態宣言が発出され、思うように出かけられない毎日が続いている。慣れない状況に、ストレスを感じている人も多いのではないだろうか。そんな「巣ごもり」生活中に少しでもリラックスしてもらおうと、「K.Yairi（K.ヤイリ）」ブラ			https://blogos.com/article/453865/	https://static.blogos.com/media/img/334816/ref_xl.png
2020-04-27T07:00:00.000000000Z	ＮＨＫ近江アナ、進行ミスはウクレレのせい？「気が散りました、ごめんなさい」 - サンケイスポーツ	ＮＨＫの近江友里恵アナウンサー（３１）が２７日放送の同局「あさイチ」（月～金曜前８・１５）に出演。再度ウクレレで「ハッピーバースデートゥーユー」を披露した。 …			https://www.sanspo.com/geino/news/20200427/geo20042722060025-n1.html	https://www.sanspo.com/geino/images/20200427/geo20042722060025-p1.jpg
2020-04-27T07:00:00.000000000Z	高木ブー、サザン関口、荻野目洋子、ジェイクら「ウクレレでリレー音楽会」 - ナタリー	5月2日（土）21:00よりNHK BS1で「外出自粛の夜に～ウクレレでリレー音楽会～」が放送される。			https://natalie.mu/music/news/377038	https://ogre.natalie.mu/media/news/music/2020/0427/takagiboo_photo.jpg?imwidth=750
2020-04-11T07:00:00.000000000Z	スマホ連動キューブパズル、スマートウクレレ、コンパクトミラー型バッテリー、MoMA Design Storeで見つけた近未来的ガジェット9選 - @DIME	え、家から出れなくて退屈？それなら近未来的なアイテムを見てワクワクしようよ。スマートフォンと連携するキューブパズル「Giiker スマート スーパーキューブ」をはじめ、モバイルバッテリー機能を搭載したコ...			https://dime.jp/genre/890819/	https://dime.jp/genre/files/2020/04/97cda31fca12f1b631b5db521ac9a2a7-770x479.png
2020-04-06T07:00:00.000000000Z	KoAloha Ukuleleから初心者でも扱いやすい低価格なKoAlanaシリーズ3モデル - BARKS	ハワイを代表するウクレレ・ブランドKoAloha（コアロハ）から、コストパフォーマンスに優れたKoAlana（コアラナ）シリーズが登場。ソプラノ、コンサート、テナーの3サイズのラインナップで発売される。KoAlan...			https://www.barks.jp/news/?id=1000180883	https://img.barks.jp/img/article/1000180883/H/1200.jpg
2020-03-24T07:00:00.000000000Z	中学生ウクレレプレイヤー近藤利樹、『ねこねこ日本史』ED曲でラッパーASOBOiSMとコラボ - BARKS	現役中学生ウクレレプレイヤー近藤利樹が、テレビアニメ『ねこねこ日本史』の第5期エンディング主題歌「ねこじゃらそーかけるまほうひみこ」を担当することが発表された。◆関連画像『ねこねこ日本史』は、「卑弥呼」や「坂本龍馬...			https://www.barks.jp/news/?id=1000180334	https://img.barks.jp/img/article/1000180334/H/1200.jpg
2020-03-11T07:00:00.000000000Z	小・中学生の子供を持つ親100名に、ウクレレをプレゼント！フェンダーが「楽器をはじめよう! キャンペーン」を開始。 - 朝日新聞社	フェンダーミュージックが、これからの春夏シーズンに向けて、楽器を始めてみたいと考えている小・中学生と、その親を応援する「楽器をはじめよう! キャンペーン」を3月4日よりスタートし…			https://asm.asahi.com/article/13202539	https://p.potaufeu.asahi.com/5014-p/picture/20438000/7d19ef7f6cb5cb0b71f4696b10f61d82.jpg
2020-03-07T08:00:00.000000000Z	津田駅ちかくに「といろcafe」ってウクレレとギターを教える喫茶店ができてる。スーパービッグサンのなか - 枚方つーしん	津田駅近くに「といろcafe」というウクレレとギターを教える喫茶店ができています。↓こちら以前、この場所には「CAFE Amber」がありました↓地図ではここ↓住所は大阪府交野市倉治8-11-7です。スーパービッグサンの中にあります。お店のメニュー↓コーヒー350円。スイーツ			http://www.hira2.jp/open/toiro-20200306.html	https://livedoor.blogimg.jp/hiratsu/imgs/4/5/45d0345e-s.jpg
2020-03-05T08:00:00.000000000Z	フェンダー、小中学生向けにウクレレがもらえる「楽器をはじめよう!キャンペーン」を開始 - ASCII.jp	フェンダーミュージックは3月4日、小中学生およびその保護者を応援する「楽器をはじめよう！キャンペーン」を開始した。			https://ascii.jp/elem/000/004/005/4005088/	https://ascii.jp/img/2020/03/05/3018576/l/d12d8e2f417f7eff.jpg?20200122
2020-03-04T08:00:00.000000000Z	ウクレレがもらえる「楽器をはじめよう！キャンペーン」が開始 - PR TIMES	フェンダーミュージックのプレスリリース（2020年3月4日 09時00分）ウクレレがもらえる[楽器をはじめよう！キャンペーン]が開始			https://prtimes.jp/main/html/rd/p/000000127.000021878.html	https://prtimes.jp/i/21878/127/ogp/d21878-127-916935-0.jpg
2020-02-18T08:00:00.000000000Z	ハワイの空に響いた「いい湯だな」…高木ブーが87歳を前に現地ライブ、長女が明かす父の思い｜まいどなニュース - 神戸新聞社	音楽イベント「ウクレレ・ピクニック・イン・ハワイ」に４年連続出演し、ウクレレで弾き語りする高木ブー 今年３月８日に８７歳の誕生日を迎える高木ブー。米ハワイで現地16日に開催された音楽イベント「ウクレレ・ピクニック・イン・ハワイ」で現...			https://maidonanews.jp/article/13138806	https://public.potaufeu.asahi.com/d6f4-p/picture/20152392/3947b6818d7494952bed3ef3090f4169.jpg
2020-01-30T08:00:00.000000000Z	人気音楽教室トップは「ウクレレ」 山野楽器、2019年下期ランキング - オーヴォ	山野楽器 「2019年下期人気レッスンランキング TOP10」 &nbsp; 山野楽器（東京都中央区）は、同社の音楽教室「ヤマノミュージックサロン」などで体験レッスンを受けた生徒数の多さで決める2019年下期（7月から12月）人気レッスン			https://ovo.kyodo.co.jp/ch/mame/a-1403735	https://d10tw3woq6mt3i.cloudfront.net/wp-content/uploads/2020/01/kyd_1403735_prw_PI1fl_hKep5JSt.jpg
2020-01-30T08:00:00.000000000Z	近藤利樹、Billboard cafe & dining単独ライブ最年少出演 - BARKS	ウクレレプレイヤー近藤利樹が4月26日（日）に、日比谷Billboard cafe & diningで単独ライブ＜UKULELE LIVE！【SPRING WITH ‟U”】＞を開催することが決定した。近藤利樹は同...			https://www.barks.jp/news/?id=1000178059	https://img.barks.jp/img/article/1000178059/H/1200.jpg
2020-01-27T08:00:00.000000000Z	ウクレレは僕の心臓 ナニワの中1、フジロックで速弾き - 朝日新聞デジタル版	■ひと フジロックに出演した「ナニワの光速ウクレレ少年」 近藤利樹さん（12） 速弾きが得意で「ナニワの光速ウクレレ少年」と呼ばれる近藤利樹さん（12）は大阪の中学1年生。昨年は、国内最大級の野外音楽…			https://www.asahi.com/articles/ASN1W40W5N1PPTIL017.html	https://www.asahicom.jp/articles/images/c_AS20200127001459_comm.jpg
2020-01-20T08:00:00.000000000Z	【八尾市】今年は新たに楽器を始めてみませんか？本町にある光専寺で無料ウクレレ教室が開かれていますよ～ - 号外NET 八尾	八尾市本町にある光専寺。 現在居場所カフェ『えんがわホーホケキョ』を開かれているのでも知られていますね。 その&hellip;			https://yao.goguynet.jp/2020/01/20/ukurere-kosenji/	https://yao.goguynet.jp/wp-content/uploads/sites/17/2020/01/2e6245bef86d3956b63536597dfc33e9_s.jpg
2020-01-17T08:00:00.000000000Z	ストラトやジャズマスターのシェイプのウクレレが登場、フェンダーFullertonシリーズがNAMMで発表 - BARKS	フェンダーのアイコニックなギターシェイプやカラーをフィーチャーしたウクレレが登場。米カリフォルニア州アナハイムで開催中のNAMM 2020で、Fender Musical Instruments Corporati...			https://www.barks.jp/news/?id=1000177482	https://img.barks.jp/img/article/1000177482/H/1200.jpg
2020-01-15T08:00:00.000000000Z	高木ブーをハワイアン、ザ・ドリフターズ、雷様に導いたウクレレ | 愛する楽器 第19回 - ナタリー	「生意気だけどウクレレと僕の人生は縁があったんじゃないかな」 - アーティストがお気に入りの楽器を紹介するこの連載。第19回では高木ブーを迎え、彼が歩んできた人生を振り返ると共に、ハワイアンミュージックやウクレレとの出会い...			https://natalie.mu/music/column/362704	https://ogre.natalie.mu/media/news/music/2020/0110/191126_126.jpg?imwidth=750
2019-12-24T08:00:00.000000000Z	MoMa、スマホアプリでスピード上達できるウクレレとスマートキューブパズル - 家電 Watch	ニューヨーク近代美術館「MoMA」のミュージアムショップ、 MoMA Design Storeは、スマートフォン専用アプリに接続して楽しく練習できる「スマートウクレレPOPULELE」と、モーションセンサーを内蔵したスマートコネクトスキューブパズル「Giiker スマートキューブ」を発売した。価格は順に18,480円、5,940円(どちらも税込)。			https://kaden.watch.impress.co.jp/docs/news/1225482.html	https://kaden.watch.impress.co.jp/img/kdw/list/1225/482/001.jpg
2019-12-23T08:00:00.000000000Z	ビリー・アイリッシュ、“Carpool Karaoke”でウクレレの腕前を披露＆憧れのJ・ビーバーとの初対面を振り返る | Daily News - billboard-japan.com	ビリー・アイリッシュが、2019年12月19日に米深夜番組『レイトx2ショーwithジェームズ・コ			http://www.billboard-japan.com/d_news/detail/83346	http://www.billboard-japan.com/scale/news/00000083/83346/x200_image.jpg
2019-12-13T08:00:00.000000000Z	ハワイ ホノルル、2月16日「第12回 ウクレレピクニック・イン・ハワイ 2020」開催 - トラベルビジョン	トラベルビジョンでは旅行業界、またはその関連作業で従事する方々のための有益な情報を日刊トラベルビジョンで毎日お届けしています。			http://www.travelvision.jp/news/detail.php?id=87444	http://www.travelvision.jp/common/img/header/logo.jpg
2019-11-26T08:00:00.000000000Z	枚方T-SITEでウクレレ少年の近藤利樹がライブをするみたい。11月30日 - 枚方つーしん	枚方T-SITEでウクレレ少年の近藤利樹くんがミニライブをするようです。T-SITEイベント｜T-SITE公式サイト枚方出身のウクレレ少年 近藤利樹くんが1stフルアルバム「WITH ‟U”」のリリースを記念して、枚方T-SITEにてミニライブ＆特典会を開催するそうです。近藤利樹くんとい			http://www.hira2.jp/topic/kondotoshiki-20191126.html	https://livedoor.blogimg.jp/hiratsu/imgs/5/d/5d0f1c41.jpg
2019-11-12T08:00:00.000000000Z	初心者でもすぐに弾ける！ スマホと連動するスマートウクレレ「Populele S1」 - Techable	何か楽器が弾けたら、と憧れを持っている人は少なくないのではないだろうか。しかし音楽教室に通うというのは、時間のやりくりや気持ちの上でなかなかハードルが高いものだ。 そんな人にうってつけの楽器が、クラウドファンディングサイ...			https://techable.jp/archives/111768	https://techable.jp/wp-content/uploads/2019/11/fullsizeoutput_754e-e1573490237858.jpeg
2019-11-05T08:00:00.000000000Z	【100万円突破！】スマホと連動で簡単に曲を演奏できる♪スマートウクレレPopulele S1 - PR TIMES	阿芙株式会社のプレスリリース（2019年11月5日 10時56分） 100万円突破！ スマホと連動で簡単に曲を演奏できる♪スマートウクレレPopulele S1			https://prtimes.jp/main/html/rd/p/000000183.000030574.html	https://prtimes.jp/i/30574/183/ogp/d30574-183-541228-0.jpg
2019-11-01T07:00:00.000000000Z	近藤利樹、初のオフィシャル・ウクレレ教則本発売 | BARKS - BARKS	大人顔負けの光速弾きで注目を集め、＜FUJI ROCK FESTIVAL			https://www.barks.jp/news/?id=1000173945	https://img.barks.jp/img/article/1000173945/H/1200.jpg
2019-06-22T07:00:00.000000000Z	近藤利樹 現役中学生・12才のウクレレ奏者。今年のFUJI ROCKに史上最年少で出演 - エンタメステーション	“世界に響く日本のポップカルチャー”を伝えるWebメディア			https://tokyo.whatsin.jp/463228	https://d2wi3xvhr3qrd7.cloudfront.net/wp/wp-content/uploads/2019/06/17194123/f747de25f098011e2f121f7bbea9febd-1128x846.jpg